Eval num episodes,Eval avg final dist,Eval success ratio,Eval final l2 distance Mean,Eval final l2 distance Std,Eval final l2 distance Max,Eval final l2 distance Min,Eval final shaped distance Mean,Eval final shaped distance Std,Eval final shaped distance Max,Eval final shaped distance Min,Eval l2 distance Mean,Eval l2 distance Std,Eval l2 distance Max,Eval l2 distance Min,Eval shaped_distances Mean,Eval shaped_distances Std,Eval shaped_distances Max,Eval shaped_distances Min,policy loss,timesteps,epoch time (s),total time (s),Conditional loss,Marginal loss,Validation loss,Conditional Validation loss,Marginal Validation loss
50,0.629116417386353,0.02,0.629116417386353,0.24520009140126867,1.1058642307478086,0.046097709442820115,0.6793801692032123,0.26322943745138805,1.1917349585455137,0.046097709442820115,0.6219100054606197,0.24356716193274836,1.1058642307478086,0.046097709442820115,0.6713976680689633,0.2622949505064731,1.1917349585455137,0.046097709442820115,0,0,4.248971700668335,4.248976230621338,0,0,0,0,0
50,0.26282453240311027,0.34,0.26282453240311027,0.25126006626102493,0.8568098721311899,0.005209932328800542,0.39614374803156494,0.3921473394195181,1.2246649761120483,0.005209932328800542,0.294069752297756,0.2614165650586943,1.160249414640532,0.001850107158857497,0.42205228443428777,0.3852043069467882,1.2897629730265923,0.001850107158857497,4.288257105294094,2.107892887597611,2.180364253093398,4.408992423484584,2.1938915535900656,2.2151009319770263,2000,23.954187154769897,28.20317029953003
50,0.23356382616867355,0.36,0.23356382616867355,0.21634015171283025,0.796119801716493,0.006720388730205542,0.3411004430729519,0.3407126074242348,1.1431520390813734,0.006720388730205542,0.28786694659011136,0.2362856678958819,1.1029812557034295,0.00670204723495479,0.39050515874598646,0.33565926449272676,1.1960771610801788,0.00670204723495479,4.287787489783765,2.1041224263828058,2.183665063348016,4.400085943594988,2.1754413337714293,2.2246445380889903,4000,128.10800957679749,156.3111855983734
50,0.19607205593050087,0.48,0.19607205593050087,0.20316338628011632,0.7271425586151229,0.01209200499254649,0.2996206610760411,0.32954430933013645,1.0209248229428822,0.01209200499254649,0.23313929065756228,0.22239195298723388,1.0178115430059853,0.0022113635498702553,0.33041335162496455,0.32801620096541845,1.0842813797187545,0.0022113635498702553,4.2781108136611765,2.0986815359031583,2.179429287896183,4.371808974212505,2.1640029401134178,2.2078060092362404,6000,37.239505767822266,193.55069708824158
50,0.17234326029590805,0.52,0.17234326029590805,0.20049905989704767,0.7318333938179626,0.01978618439520598,0.2514385417766611,0.3283353305853182,1.0812817533646053,0.01978618439520598,0.22422859562018438,0.2345129289052057,1.0333512042512294,0.0002497629501735304,0.3008773511241948,0.336412427375838,1.152877504591313,0.0002497629501735304,4.277796072593842,2.0952439440024566,2.182552131554386,4.362924587226831,2.152093922800135,2.2108305693370123,8000,37.082525968551636,230.63323378562927
50,0.2557300732017154,0.48,0.2557300732017154,0.27120317060126276,0.8429776980123213,0.00634648340932804,0.3838397131328815,0.41861841772881214,1.194210104473825,0.00634648340932804,0.3021176465555116,0.28300404688241376,1.139816693836995,0.004877578197826219,0.42424790072662233,0.4103374132883315,1.2490194498593454,0.004877578197826219,4.265058477301098,2.085755859147536,2.1793025835960202,4.375858330715026,2.1623554848757522,2.213502932423968,10000,37.14313530921936,267.7763743400574
50,0.1806394939346273,0.48,0.1806394939346273,0.2145092910914277,0.7427232542972485,0.011141318618143246,0.24613416534316562,0.318344515782857,1.0610327496747132,0.011141318618143246,0.22909653673672037,0.2405990216038316,1.0222153267820802,0.006459660711852701,0.2920524831744043,0.32688884903439447,1.1235594482638585,0.006459660711852701,4.248538442471649,2.068548423608279,2.1799900881386756,4.357152866281176,2.1534093782097568,2.2037434447065953,12000,37.245221853256226,305.0216016769409
50,0.16496144715310115,0.56,0.16496144715310115,0.20689780310237585,0.8402144370553211,0.013582091115012584,0.20365977056211912,0.25387641871472544,1.1368266274846857,0.013582091115012584,0.21881996561508144,0.24039156281587712,1.1218824229361428,0.005697611950410352,0.2599166653611862,0.27979679064167834,1.2445532651850757,0.005697611950410352,4.217051147480803,2.04442254904646,2.1726285678762913,4.351380847061789,2.1369544959484528,2.2144262994743533,14000,37.915289878845215,342.93690061569214
50,0.12634743930136952,0.72,0.12634743930136952,0.18229851556144033,0.6511339604738213,4.806061500794981e-05,0.17490934891365428,0.2618622824013464,0.9159603122379916,4.806061500794981e-05,0.1882470204762307,0.23135575567726907,1.075257601331754,4.7904113783878486e-05,0.2324311956963888,0.285371365570281,1.172098072053484,4.7904113783878486e-05,4.194637788351639,2.0359342927045234,2.1587035176005913,4.312979238139822,2.107114489634986,2.205864736559185,16000,38.23467946052551,381.17158699035645
50,0.1897081167143719,0.56,0.1897081167143719,0.24930060498391438,0.9634595960451001,0.002870948222389261,0.24842156009305172,0.3250036964829829,1.0548261434343154,0.002870948222389261,0.23931547002404027,0.26934873506029106,1.017289784560393,0.00011020547310920733,0.29744629307836434,0.33267644385014233,1.1463655116136537,0.00011020547310920733,4.195445686015967,2.034219775406492,2.16122598582783,4.298770788920277,2.0938031195617697,2.2049677105610845,18000,38.148356199264526,419.31994915008545
50,0.15467320016819425,0.72,0.15467320016819425,0.22952417147039217,0.7785341284831765,0.003069621580793712,0.1927662003650286,0.29401379007102696,1.1323910461793396,0.003069621580793712,0.22319939586425686,0.2667502752511024,1.1284428360694305,0.0024416547828722403,0.26241011407844617,0.3189089121780767,1.2359376513054774,0.0024416547828722403,4.197947820648317,2.033650930149851,2.164296806151869,4.287023539329816,2.0831443296347953,2.2038792102348035,20000,38.14344644546509,457.4634008407593
50,0.11243239997058806,0.58,0.11243239997058806,0.1380381792928667,0.7318333938179625,0.00370790771832181,0.14390220433087061,0.18894546436228182,1.0812817533646053,0.00370790771832181,0.19560129494797526,0.22451030074355943,1.173450604608356,0.0032386427308435275,0.2266641242628959,0.2558566113893558,1.2942100194138741,0.0032386427308435275,4.16672263781147,2.0108495962218855,2.155872980639539,4.302506992969436,2.092125881161097,2.210381130930403,22000,38.126004457473755,495.589417219162
50,0.2523203872302115,0.44,0.2523203872302115,0.241540268294303,0.8371126703246401,0.01462408567546902,0.29910073875145765,0.2949776260694134,0.9833430181756417,0.01462408567546902,0.32491846823112136,0.2613954257763844,1.0331183260556622,0.003721330576116431,0.37165776285616764,0.30205177336514855,1.1516171011156553,0.003721330576116431,4.176262319718177,2.0246651467076595,2.151597201361912,4.24577473585299,2.053491093092128,2.1922837682492253,24000,38.838332176208496,534.4277548789978
50,0.16544984892256523,0.62,0.16544984892256523,0.2392421431943498,0.7738103372885976,0.005748562035419303,0.19958595613809804,0.2711852566018243,0.9719372228831664,0.005748562035419303,0.24401758798288778,0.2758076784772261,1.003968587451888,0.0021657796043193776,0.28292760884862705,0.3026916929331947,1.0755762189083213,0.0021657796043193776,4.127851876703852,1.9844586223195995,2.1433932763932124,4.195008181949382,2.0245321856556893,2.1704761329800895,26000,40.84019351005554,575.2679650783539
50,0.21332176840499123,0.56,0.21332176840499123,0.26767920007785506,0.8972909445938485,0.009879636535477597,0.2614691309326282,0.3128778979268587,1.0033652603779728,0.009879636535477597,0.2579007519055163,0.28930176402206104,1.139527451245759,0.0010567342133040337,0.30423711680434246,0.32632777017510695,1.2445065323087199,0.0010567342133040337,4.132292199322234,1.9867356489628571,2.1455566013498584,4.206276640770422,2.0372616496207234,2.169015009420253,28000,40.532371044158936,615.8003437519073
50,0.27899314545209086,0.46,0.27899314545209086,0.28221944591071946,0.8094517389435798,0.002480230141806611,0.31385536435844413,0.3166476281836287,0.8844624623708108,0.002480230141806611,0.3134278106169545,0.29251090161945176,1.1072364483285004,0.002480230141806611,0.35044593297851934,0.3247432708311098,1.2188819041719465,0.002480230141806611,4.1455148416393515,2.0004585896674194,2.1450561470681975,4.195651217833057,2.02389619376018,2.1717549125232174,30000,40.39953112602234,656.1998796463013
50,0.15352344320409592,0.7,0.15352344320409592,0.22674762851653169,0.759889310712711,0.0043814215784716715,0.16941566497712546,0.24055497286384328,0.7701736202206715,0.0043814215784716715,0.23301894721681066,0.26141402416141557,0.9444205688018009,0.003929864996489136,0.25319981839023314,0.2754161817184668,1.035337590103296,0.003929864996489136,4.122671803279657,1.9732690628278173,2.1494028386847503,4.173256248376948,2.011248790811395,2.1620075360981423,32000,40.29322528839111,696.4931168556213
50,0.14608389424394252,0.7,0.14608389424394252,0.22566433631337354,0.9206038692130875,0.0003610147287140424,0.19953404361070892,0.2988445052264949,1.2000304125146386,0.0003610147287140424,0.22256938183777128,0.2698162416756499,1.1916092094534512,0.0003609267687979566,0.27525070262983037,0.32469506170335094,1.3123922534747154,0.0003609267687979566,4.08073065757462,1.9524784614632666,2.1282522663711534,4.175772705905158,2.0150566559926553,2.160716060119312,34000,40.355786085128784,736.8489127159119
50,0.18808135687598845,0.62,0.18808135687598845,0.24287382446183667,0.786803456282229,0.001242185781990256,0.20482745238973657,0.27389149655761263,0.9704523995107088,0.001242185781990256,0.26408151069955144,0.2734969267985087,1.1699453821415662,0.0007273644150261519,0.2843231329144979,0.29986788451061075,1.276599456572452,0.0007273644150261519,4.1217274305073355,1.9770589230098818,2.1446685311496947,4.16569582134406,2.0028329984679174,2.1628628404752,36000,40.483574628829956,777.3324925899506
50,0.19545360850981894,0.58,0.19545360850981894,0.24947737695211253,0.8244340837599439,0.007258793461474834,0.24418935775915926,0.316824306706682,1.112944048186592,0.007258793461474834,0.25728767537793107,0.2761944437910915,1.098442225786107,0.0011380770897831403,0.30300017421484043,0.3280066816148814,1.2157216820728336,0.0011380770897831403,4.096052183897381,1.955018329339803,2.141033907618884,4.166703550587736,2.0099278751164853,2.1567757284711617,38000,40.39441967010498,817.7269237041473
50,0.23301840034431565,0.5,0.23301840034431565,0.24460019081796516,0.7680270152084668,0.010636546308674779,0.2667959432122706,0.29032325752229926,1.0123583850047717,0.010636546308674779,0.2912264566513376,0.2710639630260006,1.0686591959664988,0.005657000594204686,0.32606285567985954,0.30870417469852074,1.1574152670917197,0.005657000594204686,4.098684903323699,1.9579392353062381,2.1407455876371433,4.1457346869455085,1.9919691564350588,2.153765551650887,40000,40.327807903289795,858.0547454357147
50,0.19018362103335196,0.6,0.19018362103335196,0.24986562645387694,0.7624796519226317,4.8060615007910556e-05,0.2368853590278443,0.30663010231738513,1.1097460121094986,4.8060615007910556e-05,0.25542818242147347,0.27449658009424677,1.060867567400982,4.76701086587994e-05,0.3024053216027197,0.320886397238579,1.1859114131572714,4.76701086587994e-05,4.079528287337677,1.9484965720313574,2.1310316574200425,4.1634307182049906,2.005781824281855,2.157648920489481,42000,40.28559994697571,898.3403563499451
50,0.2706430229146899,0.52,0.2706430229146899,0.28912396121675715,0.7782511282614183,0.004874454910704245,0.3191522815496719,0.33406530784488053,1.047507454328073,0.004874454910704245,0.33240257133665396,0.29430260733362323,1.0192415943364328,0.0009328465301814935,0.3784391317371431,0.3332844140810457,1.1544512575247752,0.0009328465301814935,4.075595394763298,1.938841277117791,2.136754093517973,4.16458113369415,2.0052409698212084,2.159340192596692,44000,40.44628882408142,938.7866599559784
50,0.18372219384056343,0.62,0.18372219384056343,0.2331051115498506,0.7423877975150737,0.0028307915803210022,0.22948476148446684,0.29690701844809275,1.0530062980421588,0.0028307915803210022,0.25359704763369,0.2635583975597488,1.0516550728251177,0.0011758378580274,0.30268759108576215,0.31352371190816136,1.1702967918888634,0.0011758378580274,4.090341594936335,1.9518698331195687,2.138471722622591,4.1463091950642035,1.9972140798796267,2.1490951198075168,46000,40.43075132369995,979.2174170017242
50,0.2755794567716364,0.5,0.2755794567716364,0.2847309912919845,0.8497982694385381,0.005823610523523834,0.3376490396571111,0.36513088812253663,1.1748926080426407,0.005823610523523834,0.32564492528236944,0.29489706257513776,1.133387229643685,0.005823610523523834,0.3847495233200848,0.3608005012537249,1.2478737547473988,0.005823610523523834,4.105518093475774,1.9690312226332678,2.1364868344746335,4.141074726571137,1.9928835710189172,2.148191178332871,48000,40.399288177490234,1019.6167106628418
50,0.22481030089709148,0.58,0.22481030089709148,0.27961952688191805,0.8892934901217869,0.004141958863971403,0.2658600775881446,0.31586510150455066,0.9311314338630003,0.004141958863971403,0.2787886881299939,0.28802738786538634,0.9600121132855339,0.003331330348680213,0.32091058192602195,0.319909748632505,1.0685719087137757,0.003331330348680213,4.103044702367967,1.9680509831775745,2.134993644598698,4.123737528662626,1.984305369736966,2.1394322290720487,50000,40.46934747695923,1060.086063861847
50,0.2096856128607594,0.56,0.2096856128607594,0.2615928264578237,0.7946785719371677,0.005051404796899332,0.29939453991324533,0.3418367661601741,0.9471353950887957,0.005051404796899332,0.28132095897397846,0.28053181394990473,1.1533967920749018,0.002524741102576564,0.37165113638795577,0.3424427262869539,1.27384321760015,0.002524741102576564,4.091128570546194,1.9627956294356155,2.1283328282617435,4.103552874169912,1.9658917182420166,2.1376611408931274,52000,40.57881689071655,1100.664887189865
50,0.21809798310714532,0.6,0.21809798310714532,0.2682293902598029,0.8288593367111764,0.0019889229910618708,0.2470772329088193,0.3020484562077109,1.1354121645174553,0.0019889229910618708,0.29297336260642565,0.28693602144781855,1.1317769868613903,0.001357000340432213,0.3230239406975761,0.31414519515470807,1.2228579105356014,0.001357000340432213,4.093095621206606,1.9546244400591104,2.138471280789097,4.126331401809807,1.98712712459554,2.139204217380816,54000,40.555192947387695,1141.2200856208801
50,0.2365127602904235,0.52,0.2365127602904235,0.26882683688523623,0.7981612802613921,0.005590578348541502,0.30343779010319416,0.31723461934194463,0.8770886304284666,0.005590578348541502,0.2898420721907379,0.2820099041087928,1.1458491620116324,0.0022249824957201376,0.35828024836508165,0.32231868780232326,1.2557154423591714,0.0022249824957201376,4.093566490398698,1.956421232727004,2.137145285388172,4.126327708675312,1.9834229093184699,2.1429047030206725,56000,40.40480303764343,1181.6248970031738
50,0.27016288430257007,0.54,0.27016288430257007,0.27882169815290564,0.7377752351850937,0.004127529264877315,0.3181171204818056,0.3313884631426992,1.047507454328073,0.004127529264877315,0.3348630841559791,0.29541793198216854,1.2222773797399769,0.0024498359275682423,0.3813806900602768,0.3382695165895013,1.327470227244746,0.0024498359275682423,4.108564587723972,1.9681733334460676,2.140391221202252,4.12314418026545,1.979614908934988,2.1435292435155517,58000,40.271644830703735,1221.8965499401093
50,0.1904222912585913,0.66,0.1904222912585913,0.2549899098229816,0.860323047574627,0.0016683484742682682,0.2225565563234273,0.30198540916645855,1.0714395033437298,0.0016683484742682682,0.2524759750375899,0.2749076508600218,1.0415908601324633,0.001385514112251615,0.28575824893584556,0.3132236972753304,1.1482333726070304,0.001385514112251615,4.083155662172119,1.9528357149696396,2.130319902832321,4.143318859717439,1.993778148520376,2.1495407758512823,60000,40.39243793487549,1262.288993358612
50,0.1631489956117211,0.68,0.1631489956117211,0.21400016246400924,0.7770969495088368,0.000282640163739111,0.189126749855232,0.2432316121382809,0.8261865349593764,0.000282640163739111,0.24660107434823053,0.25376220369909425,0.9918209442462702,0.00027933019534636045,0.27561897401954877,0.27995137058388114,1.1213239768180263,0.00027933019534636045,4.0915327550107925,1.9593535685610564,2.132179168124231,4.117542383859705,1.972421870690901,2.145120686284914,62000,40.45688343048096,1302.7458872795105
50,0.24797285629576035,0.52,0.24797285629576035,0.2750078458880696,1.05205150218193,0.004312981660729291,0.2815581623992676,0.3061361655008238,1.1307026838105023,0.004312981660729291,0.31555424069310667,0.2884037694318695,1.05205150218193,0.00358969420095419,0.3488600206996117,0.3145901372239274,1.1557543852147019,0.00358969420095419,4.093488614180532,1.9613515317943504,2.1321370373689166,4.120726511272189,1.9807257607792812,2.1400007389446873,64000,40.50833868980408,1343.2542324066162
50,0.1341153072411677,0.72,0.1341153072411677,0.21464232550585663,0.7786547182769655,0.0015889969721100809,0.16275902234664066,0.232629482143959,0.7930565646368053,0.0015889969721100809,0.2173714253432553,0.2599043388979253,1.0827738171271364,0.0015889969721100809,0.24592668335616244,0.2785932834475087,1.1885076579917657,0.0015889969721100809,4.095114614424599,1.9603236668174966,2.134790900228663,4.108246382684999,1.9718591021650766,2.136387354203705,66000,40.522042751312256,1383.7762832641602
50,0.30768918185572736,0.44,0.30768918185572736,0.2950537459858844,0.9762139441618992,0.00185234530860747,0.3369462724211879,0.31465063731492027,1.0442825829715126,0.00185234530860747,0.36922327974933034,0.30331310288073804,1.048329414205739,0.00185234530860747,0.39866057826004264,0.3215527017873417,1.173509894193341,0.00185234530860747,4.105339604633424,1.9646566180931169,2.140683047355221,4.117829570556917,1.9817671593937036,2.136062466390479,68000,40.649969816207886,1424.4262599945068
50,0.2828713165966434,0.44,0.2828713165966434,0.2890759633729261,1.1275578031568014,0.009666380824952388,0.3060688303939532,0.3101230552345382,1.151360267333348,0.009666380824952388,0.34143400886247144,0.29670335440236706,1.1307160859337833,0.003607360926089193,0.36944867784894486,0.31742015913108407,1.2287089163042413,0.003607360926089193,4.102927337555036,1.9696236073474305,2.133303769762021,4.106710245311934,1.9691717643345226,2.137538480655088,70000,40.62631154060364,1465.052582502365
50,0.2347747541506238,0.58,0.2347747541506238,0.29135778040437965,0.9528936935699147,0.0021459807935348923,0.25981921545854003,0.30197592355660713,0.9754947033058983,0.0021459807935348923,0.2954205519521318,0.3016413938934491,1.080973257693909,0.0010380624373659204,0.3243356114221199,0.31670938111368646,1.170172056260306,0.0010380624373659204,4.084870624399943,1.9489825051402985,2.1358880464112473,4.113971447495793,1.9644547155815577,2.1495167288575234,72000,40.249465465545654,1505.3020594120026
50,0.18936464985034207,0.58,0.18936464985034207,0.22739401868358827,0.7241756189592607,0.004568891803091247,0.23376904892830083,0.2721072804054637,0.9471353950887957,0.004568891803091247,0.25544045805009846,0.251945912629848,1.0997536476083003,0.0037924127087005607,0.3024305676191303,0.2900768139954524,1.1994710605710186,0.0037924127087005607,4.080774091789915,1.9509106059124146,2.12986356620214,4.13844835316092,1.9954304151925653,2.1430180185000696,74000,40.18413186073303,1545.486196756363
50,0.22308410722835986,0.6,0.22308410722835986,0.279641425330461,0.926479472231382,0.0017460500791040522,0.2470381943474556,0.30404494268186105,0.9351229000692545,0.0017460500791040522,0.2700813197491051,0.2865895085373112,1.0532232395044543,0.0017460500791040522,0.2983224154891102,0.3126638902391304,1.1227753565148797,0.0017460500791040522,4.093044430376678,1.9531207781305002,2.13992356869641,4.11466051071385,1.9731624360391584,2.1414980318217736,76000,40.366113901138306,1585.8523161411285
50,0.2093873374613152,0.58,0.2093873374613152,0.2726368290205621,0.8262661094407571,0.003250549891267931,0.25864741116368994,0.3141053220694982,1.1208858174960623,0.003250549891267931,0.2722527176945709,0.290780362141221,1.097548121280627,0.003033792334519924,0.3169323341683621,0.32176026783586836,1.220440778882042,0.003033792334519924,4.084247168373575,1.9488535174412673,2.1353936517422354,4.1471468999893775,2.001999722305111,2.145147099115466,78000,40.507710218429565,1626.360034942627
50,0.22505711402127784,0.48,0.22505711402127784,0.2469980971433161,0.8914593226526085,0.005849452831389936,0.2817420284976561,0.2976325606226614,0.9038557659009305,0.005849452831389936,0.29013638898948263,0.2669344427930433,1.0267742822800336,0.005257961815909884,0.34849246166131786,0.309545262304826,1.1419097534475515,0.005257961815909884,4.0544725500294,1.9329344203493,2.121538124634141,4.120524709006821,1.983230959736265,2.1372937319685326,80000,40.74509334564209,1667.105134010315
50,0.17325937680954,0.64,0.17325937680954,0.22806124348554183,0.8300528335389813,0.004367934400724512,0.20285985060299466,0.26097409817153217,0.8631467040979091,0.004367934400724512,0.23200802826995442,0.25644336453645783,1.1698314053527814,0.0015553617749496558,0.262996565413024,0.2863494888419253,1.2665306647130588,0.0015553617749496558,4.094639615730808,1.950289351049495,2.144350337177977,4.089212314562478,1.9577726088572456,2.131439681535319,82000,40.70981240272522,1707.8149569034576
50,0.13765479614870205,0.78,0.13765479614870205,0.22561758666879417,0.7705688101040505,0.0057128352288314975,0.16616278128857365,0.2851420563999907,1.1121200375357811,0.0057128352288314975,0.22964253527903902,0.277669184976685,1.0796850369455866,0.0010687102154911595,0.25919759748346366,0.32106304074795977,1.2004164470166412,0.0010687102154911595,4.060011645888294,1.93617132102171,2.123840445688341,4.123006635251872,1.9810709776529194,2.141935674696077,84000,40.65961456298828,1748.4745848178864
50,0.20312594672989973,0.52,0.20312594672989973,0.2472738133079367,1.0510951471760923,0.004529718567790703,0.23697300040354993,0.28031892638377304,1.1733107826460605,0.004529718567790703,0.2549599701058033,0.2616740920681955,1.0510951471760923,0.004529718567790703,0.2894239834258853,0.2924951757685197,1.1733107826460605,0.004529718567790703,4.069924440631541,1.9436663656321804,2.1262580487845697,4.114298755972278,1.9747012615163237,2.1395975719375286,86000,40.49914193153381,1788.9737355709076
50,0.16710914354712286,0.7,0.16710914354712286,0.24586830444391702,0.7903390487659008,0.0012262283647739428,0.20660546117008036,0.2959654782191664,0.8701135979935539,0.0012262283647739428,0.23965252573131207,0.27456583823852737,0.9863879851228494,0.0012100859346569535,0.2803230796717911,0.31445616643134994,1.1066709545456372,0.0012100859346569535,4.064648490545262,1.933301311541731,2.13134723186474,4.109659006270949,1.9669206019496088,2.142738378842253,88000,40.285377979278564,1829.259119272232
50,0.19149074693908788,0.62,0.19149074693908788,0.2597659387741881,0.8644493468577008,0.007328315340330725,0.21606012986543427,0.2870060332555232,0.8928654006158989,0.007328315340330725,0.23646656458084195,0.27369741464149716,1.131365864417406,0.003109012213717603,0.2677233663307917,0.30550228158144266,1.2302922687728302,0.003109012213717603,4.069562972119285,1.9382965188921968,2.1312663606709386,4.100467123607629,1.9691292181182634,2.131337824255117,90000,40.4856116771698,1869.7447392940521
50,0.12902769166161723,0.8,0.12902769166161723,0.22630601519916316,0.88385318507695,0.004636723760359975,0.13764913339872994,0.23717848923023496,0.9158007193985975,0.004636723760359975,0.18281138595238078,0.25157425781204673,0.9939813242682916,0.0010557498509334673,0.19642624244745052,0.2692056454566102,1.136054733653045,0.0010557498509334673,4.068897817505672,1.940665392376199,2.1282325764437107,4.095493270160325,1.9638030517391805,2.131690270983234,92000,40.40478706359863,1910.1495323181152
50,0.07700814992406285,0.76,0.07700814992406285,0.11151093305716855,0.5754251478112167,0.004016740738749007,0.12016158415363565,0.18774139783343252,0.8662257040367589,0.004016740738749007,0.16629019457470368,0.21656789626532943,1.1828783766657835,0.0019922303834749894,0.20602806143052266,0.25317418455049934,1.2775262270448962,0.0019922303834749894,4.08664551460127,1.956352774759936,2.1302928310306,4.085348728887978,1.9558546092640114,2.129494101958631,94000,40.57759475708008,1950.7271342277527
50,0.27203862096471865,0.5,0.27203862096471865,0.2732210598689369,0.8576454598555585,0.008969712210932047,0.3012530782199246,0.30327983933242086,0.8669545555416233,0.008969712210932047,0.32009511326554196,0.28720374843220997,1.0281536458661833,0.0001336543020911024,0.3511811230034009,0.31531869802456886,1.1058282071794132,0.0001336543020911024,4.099363255137706,1.9678296869332277,2.1315335798078943,4.107632026662892,1.9709379412086694,2.1366940661046754,96000,40.346049308776855,1991.073191165924
50,0.13873890422996715,0.76,0.13873890422996715,0.22262709841407147,0.862294834359087,0.0016652534029494021,0.15198916536918158,0.24000773462144623,0.8793891683419054,0.0016652534029494021,0.2049750564454479,0.2563094012675467,1.052224205520944,0.0016652534029494021,0.22249028911675367,0.27694499456842003,1.1708217225614705,0.0016652534029494021,4.0717753157747785,1.94545751971831,2.12631774289298,4.113830933483453,1.9747614087882024,2.139069441503305,98000,40.4405574798584,2031.5137581825256
50,0.17091005163372627,0.62,0.17091005163372627,0.2251992356827114,0.7966082614523542,0.005680403385927804,0.19941571887849738,0.26576921010979293,0.8645862962451123,0.005680403385927804,0.21976701824353423,0.2538379929580335,1.1633232140015402,0.0017954845481356675,0.251343539970614,0.2890097611193851,1.2699823461253623,0.0017954845481356675,4.087893985957781,1.9560608364052121,2.1318330793223503,4.102920034198049,1.9680497601987592,2.13487023695153,100000,40.88200235366821,2072.395767688751
50,0.15850723249988813,0.7,0.15850723249988813,0.23331765833697016,0.8802273253981433,0.005203398037943083,0.18011680845360734,0.2620488805286843,1.100276505831957,0.005203398037943083,0.21780139634877682,0.2626273407394149,1.1066895515487354,0.002353612872331885,0.2417281686906601,0.29070002252772786,1.2366299882404153,0.002353612872331885,4.059002907907635,1.9343417085071046,2.124661224276674,4.098316744906133,1.9603501035021176,2.137966653317562,102000,40.52143144607544,2112.9172093868256
50,0.17697964145563339,0.7,0.17697964145563339,0.2394648976210691,0.8331048271882097,0.0032532260760231232,0.19958192743316477,0.2673662627231997,0.8629285669660425,0.0032532260760231232,0.2719627652465494,0.282848671473574,1.1423227582021105,0.002675085149733269,0.30109772257193435,0.3087439149936802,1.261338381859031,0.002675085149733269,4.076614060034088,1.9427551315627303,2.1338589027385413,4.1085288124975,1.9705627407472792,2.137966054880198,104000,40.30138373374939,2153.2186007499695
50,0.22227021969395142,0.6,0.22227021969395142,0.2591581468344346,0.8830978747123946,0.0030142701008099154,0.2594658442390202,0.311585094426675,1.2232089889612248,0.0030142701008099154,0.29175905260540214,0.2803566742920943,1.2082771544343696,0.0030142701008099154,0.3305015466244767,0.32271238832864213,1.319434411356022,0.0030142701008099154,4.096008483142133,1.96177126919936,2.1342373015082448,4.089020991847041,1.9614249628275842,2.1275959780346154,106000,40.30151057243347,2193.5201184749603
50,0.1804480106809218,0.68,0.1804480106809218,0.24434596190215552,0.9300713574568772,0.0031047766260939983,0.19902174869629682,0.267720454210149,0.9394339272037147,0.0031047766260939983,0.25886610442110247,0.2794736432248515,1.1651479826882982,0.0024882017396464814,0.2826527100696419,0.3027245115838003,1.2876630982833492,0.0024882017396464814,4.065283400432356,1.936387619710684,2.128895802746088,4.09478571250825,1.9663401871537753,2.1284455310294867,108000,40.38275480270386,2233.9028856754303
50,0.13892892187034073,0.64,0.13892892187034073,0.19919778177501837,0.8981689483107465,0.006340491716115695,0.18494616586398116,0.2714749718483509,1.122011867023505,0.006340491716115695,0.21570192601525673,0.25489611263860773,1.133638171089444,0.003982718542887788,0.2603398267192449,0.30843705759833095,1.2534261341749975,0.003982718542887788,4.090183134370492,1.9581181800304008,2.132064891962361,4.07940443496169,1.9578316236678455,2.1215727533780453,110000,40.43587899208069,2274.3387784957886
50,0.11024509390597638,0.68,0.11024509390597638,0.16494645072246517,0.7706428499304655,0.006638896737253094,0.13933906074553842,0.21969819126523193,1.0464316132961957,0.006638896737253094,0.19274650432368282,0.23124656016159334,1.1025353882338877,0.0024032364238927777,0.22378207581507026,0.2690866751769912,1.2152519996206694,0.0024032364238927777,4.078189594833647,1.9503762031492915,2.1278134460964675,4.1060355657375505,1.9679235060313123,2.1381120042589092,112000,40.638524532318115,2314.9773120880127
50,0.18140612329570913,0.6,0.18140612329570913,0.21514310729666328,0.7370523593891019,0.0012043010500329614,0.21194865378067543,0.24602715937533798,0.7705194984630199,0.0012043010500329614,0.24602921940857858,0.2520667472004231,1.1318154855703553,0.0012043010500329097,0.27922097085836173,0.2772552118972795,1.230703088247127,0.0012043010500329097,4.085266723544646,1.9485700570252678,2.1366967208260257,4.098916334485803,1.956934711261381,2.1419816563398943,114000,40.570308446884155,2355.5476303100586
50,0.19166114424177771,0.56,0.19166114424177771,0.25039849751079074,0.871031557429011,0.004536169898653087,0.22250097879921182,0.2786456594629424,0.9354820674246094,0.004536169898653087,0.25061031010426105,0.26910798702491096,1.024602281725145,0.004523247107861251,0.28314584316229374,0.2951980410367575,1.1286831820086263,0.004523247107861251,4.069028168970869,1.9391252975523825,2.129902907535795,4.0823968415219225,1.9563629436090684,2.126033943337261,116000,40.54027056694031,2396.0879096984863
50,0.2648409882378995,0.54,0.2648409882378995,0.30573223141463785,0.9409033315804237,0.006507598330435356,0.2984809380642146,0.3305526466175946,1.089104557871932,0.006507598330435356,0.3215344660155897,0.320373382718401,1.1579069069352013,0.00023155691047901936,0.35539795478684977,0.3422197912884816,1.2697008899291202,0.00023155691047901936,4.081077406844426,1.9487646636166538,2.1323128081453007,4.079582969718632,1.9505015305832774,2.129081444746559,118000,40.49308919906616,2436.581005334854
50,0.1816842136723126,0.58,0.1816842136723126,0.2473665658844138,0.8805569579100349,0.0007271412895128704,0.21135573601610466,0.279633538500551,0.8974636097961495,0.0007271412895128704,0.2536427391250298,0.2809590083379151,1.0763144375483695,0.0007271412895128704,0.2851411661995291,0.3078247400059392,1.19350886854812,0.0007271412895128704,4.082307713552576,1.9560467231093503,2.126260924503273,4.073666145692782,1.9470137206201779,2.1266524872507038,120000,40.62044358253479,2477.2014536857605
50,0.17162776671582503,0.64,0.17162776671582503,0.23501199226321426,0.8917537608209164,0.0028405809473172512,0.19709075114907582,0.26008445312166895,0.8949850109157766,0.0028405809473172512,0.23952478849629089,0.26874699507295824,1.2329662433626691,0.0020539338329252257,0.269020741256967,0.2938785750314726,1.321326442333171,0.0020539338329252257,4.059577616279933,1.9359874765437828,2.123590161534828,4.080680247459664,1.947340084086556,2.1333401545233093,122000,40.663347244262695,2517.8648097515106
50,0.2619187152274185,0.46,0.2619187152274185,0.25649993747736544,0.8030765166783618,0.00784517319518846,0.30049559982795837,0.28614424729644744,0.8075026357258411,0.00784517319518846,0.3250340164473673,0.2723997988121149,1.0398125992948821,0.004089115373840529,0.36492942572328474,0.2975508032631338,1.1405001279183442,0.004089115373840529,4.083948891522924,1.9515259477475746,2.1324230844605703,4.0958147251408,1.9632865688185395,2.1325281757005667,124000,40.65857696533203,2558.52339220047
50,0.13992012903812212,0.66,0.13992012903812212,0.1864814579910196,0.6557123185978498,0.00590700118889806,0.18662934620679394,0.24562213532503696,0.8199224874577226,0.00590700118889806,0.22062333908930346,0.2383466387082159,1.023876357084008,0.0010104581573879728,0.2671412105374564,0.27836760051701304,1.138929154241747,0.0010104581573879728,4.073629526675205,1.9411945347279225,2.132435124123367,4.091700463163561,1.957488790059815,2.1342117636030373,126000,40.8567636013031,2599.3801662921906
50,0.19541487741032237,0.54,0.19541487741032237,0.22557041030240646,0.8060708301620702,0.004441582075197481,0.22860233561135374,0.26072729246085075,0.8732222717587189,0.004441582075197481,0.25567553372086754,0.25352810248053254,1.0872368594743786,0.0034118022134475975,0.29142866931339717,0.2857239417590069,1.2049795924900333,0.0034118022134475975,4.086508411607034,1.9480506788463126,2.1384577646341913,4.087919249093053,1.9518081832936018,2.136111095816287,128000,40.551610231399536,2639.931789159775
50,0.18110806111352898,0.54,0.18110806111352898,0.22885937012458668,0.8285188556927797,0.0031350474523675893,0.21835868591251198,0.2779877962582203,0.9800108440336444,0.0031350474523675893,0.22558377436145693,0.24793081655721483,1.062811860449219,0.0031350474523675893,0.2619452041672901,0.2879456879734318,1.1239008678629259,0.0031350474523675893,4.081287885683889,1.955237208834035,2.126050678430627,4.070303697035299,1.9454547826416178,2.1248488401729837,130000,40.569730043411255,2680.501528263092
50,0.16419961940532712,0.66,0.16419961940532712,0.22467928121569133,0.8022885640673614,0.0052645715230654755,0.19629785187553825,0.26201494660932845,0.8356259941332675,0.0052645715230654755,0.2520775244322098,0.2756387876481154,1.1684458645938218,0.0032536909749454486,0.2927415884764694,0.3121293914297408,1.2714813329286274,0.0032536909749454486,4.069408700667037,1.9430217882486391,2.1263868492486924,4.073302108581217,1.9406972886858989,2.1326047455183015,132000,40.635674238204956,2721.13721203804
50,0.22885126524567198,0.56,0.22885126524567198,0.2653640974424878,0.7307971434333619,0.0027815962697143536,0.2577320324657609,0.2947658418117268,0.8702571845961096,0.0027815962697143536,0.28776347791942625,0.27692797553860365,1.008886307563044,0.002777510077100695,0.31923966541094995,0.3034173652076224,1.0953082822225095,0.002777510077100695,4.089254112587004,1.9515500977950633,2.13770401191424,4.07935530445547,1.9469959191480224,2.132359452298336,134000,40.68589448928833,2761.823116540909
50,0.14439792911702792,0.74,0.14439792911702792,0.23908605809025915,0.8691161391191896,0.0045939472900517935,0.16182618698367435,0.2650262004635235,0.9570642966476575,0.0045939472900517935,0.2421917930355771,0.29029851056076306,1.1412622406749933,0.0015819858655754194,0.2619477201436976,0.3145203506194342,1.2498334646507965,0.0015819858655754194,4.072543384343547,1.943399253379811,2.1291441223792185,4.097626075867032,1.967766156113094,2.129859819419553,136000,40.43920612335205,2802.2623302936554
50,0.22547154189548999,0.52,0.22547154189548999,0.26498725018805974,0.726644142764612,0.0023901273728514348,0.26558280574064247,0.3011532404590566,0.8882138671015096,0.0023901273728514348,0.30198326450757107,0.2919892250601622,1.1370523913443786,0.002207434730227489,0.34204303542993547,0.31940132472620647,1.2539952712970621,0.002207434730227489,4.0930583719849025,1.9555608244060367,2.1374975824715627,4.083611840632866,1.9522522023528943,2.131359633146917,138000,40.32867980003357,2842.5910246372223
50,0.17883984217295637,0.62,0.17883984217295637,0.24265661780775888,0.851609292066568,0.0009090846470825476,0.22071396475704738,0.28966081981752184,0.8735198596625188,0.0009090846470825476,0.24932777558052743,0.26918444447935763,1.084386703404169,0.000908552149383923,0.2956282163800839,0.30935965179816777,1.152878332009351,0.000908552149383923,4.0775363775705475,1.9528023950792892,2.124733978080021,4.093485105279453,1.9574289309796489,2.1360562032836636,140000,40.59747123718262,2883.1885039806366
50,0.18177777037870674,0.58,0.18177777037870674,0.23120198973805198,0.700166426223591,0.0009717174468225766,0.21233293908582482,0.26386691371320425,0.9591102370597706,0.0009717174468225766,0.2621781573967249,0.26689582191485817,1.1210729628235687,0.0009684073539331542,0.29637299352497787,0.29742401878275404,1.2120941331866715,0.0009684073539331542,4.0866317565534995,1.9492257051157431,2.1374060752174615,4.076900373194606,1.951104689731439,2.125795683753525,142000,40.55165672302246,2923.7401661872864
50,0.12845725271235153,0.74,0.12845725271235153,0.204142018524154,0.7484827489762624,0.0057325359403995945,0.17257473714610427,0.2618452012804289,0.8581133466484228,0.0057325359403995945,0.20876037886786844,0.25267419570929706,1.1507273052976668,0.0006342176293581357,0.25220959691632977,0.2957402085566768,1.259752335727594,0.0006342176293581357,4.091841179910267,1.9558080387225287,2.136033196840175,4.099616880394388,1.964029692343832,2.1355872361727855,144000,40.70828104019165,2964.448455095291
50,0.24009684173568693,0.54,0.24009684173568693,0.2721738886475734,0.8156869843700155,0.008423924702775852,0.26532459950387993,0.296109359550497,0.855621771870164,0.008423924702775852,0.2976132690923211,0.28509292524976576,1.0411445307267624,0.001165221914548155,0.32443907811140243,0.30777797067772616,1.1559435143206638,0.001165221914548155,4.07569235016096,1.9472876990277468,2.128404728687362,4.095665626200062,1.9628532699954715,2.132812333435162,146000,40.573575019836426,3005.0220353603363
50,0.22800384223973694,0.5,0.22800384223973694,0.25960077850562646,0.8869196646894846,0.0057041070330557985,0.2571936578830669,0.2902496690697837,1.0201738299092757,0.0057041070330557985,0.2930412334860993,0.27622625344635976,1.0935039517719576,0.004909707965668545,0.3270039005011217,0.30498060160864016,1.22111827696123,0.004909707965668545,4.080549155154264,1.945747503219202,2.134801654196058,4.074525296158585,1.9499357731193687,2.1245895417556104,148000,40.653172731399536,3045.675220489502
50,0.1670937830695929,0.68,0.1670937830695929,0.24020023853090303,0.7661577350096327,0.0037286812718042186,0.17964569960612028,0.260370596816137,0.7665416253727931,0.0037286812718042186,0.22605472801710338,0.2712438666219525,0.9633913725595094,0.0018661752167276713,0.24227518309957885,0.2928579451825032,1.0779668791059194,0.0018661752167276713,4.08773158364882,1.9521684055678636,2.1355632412739705,4.065650507804918,1.9406984085374634,2.124952102601754,150000,40.50006699562073,3086.1752972602844
50,0.17066128116525892,0.66,0.17066128116525892,0.24115296322617652,0.74246532219697,0.0012851739424210359,0.1970501990952435,0.27161623483882513,0.758274229258313,0.0012851739424210359,0.24441968641644762,0.2656214037841823,0.9632712636309029,0.0012851601073082066,0.2752714368759402,0.2910869226728925,1.10623664337968,0.0012851601073082066,4.08052788102028,1.9510168937497758,2.1295110704973275,4.063391223600575,1.9361167595590658,2.1272744456941317,152000,40.43450927734375,3126.6098148822784
50,0.27599090209349836,0.44,0.27599090209349836,0.27584347028547723,0.8399487930637317,0.00463304637203683,0.3276439288680634,0.31669185779612774,0.896996245045554,0.00463304637203683,0.32563990849734537,0.2860187268215285,1.0533831363367046,0.001869931069282107,0.37863812300936095,0.3223782401527247,1.17157256807535,0.001869931069282107,4.08170792754971,1.9542786747011103,2.1274291688435456,4.062022048099084,1.936895587033835,2.1251264362894657,154000,40.71753001213074,3167.3273544311523
50,0.20704240314748323,0.48,0.20704240314748323,0.23926124446065825,0.7907473266522795,0.0033197706818383606,0.27371635389372384,0.28776998224465117,0.9462914024149118,0.0033197706818383606,0.27645047797025907,0.26257811919668683,1.1477991886226373,0.0006614541542589045,0.3401659764760704,0.2993139402025055,1.2529922595596013,0.0006614541542589045,4.080818055018752,1.952016692928217,2.128801397379929,4.077016522232234,1.9528643627341282,2.124152052980554,156000,40.62827157974243,3207.9556353092194
50,0.16333971210461826,0.64,0.16333971210461826,0.21499661387374555,0.6456955745244167,0.003112124939206083,0.1937275215158928,0.2507611790783703,0.8161368484073168,0.003112124939206083,0.22762982278923752,0.24766027278221195,1.0795758250467926,0.003112124939206083,0.25811433164472847,0.27428895796855796,1.1914588883370019,0.003112124939206083,4.0804666236217475,1.94821442274981,2.1322522695132093,4.068382729007264,1.9475658094454817,2.1208168281457214,158000,40.647496461868286,3248.603138446808
50,0.15274201757547565,0.64,0.15274201757547565,0.21078727175074005,0.8739376243632654,0.002606440556308017,0.1786086041476696,0.2420779624317386,0.9489481951248218,0.002606440556308017,0.2335931852169534,0.2601419599732931,1.2104727416865215,0.0026064403461080617,0.2631771005304643,0.28665477500528547,1.2964911754729986,0.0026064403461080617,4.078801108837879,1.9464886615012962,2.1323123577341394,4.094858339217651,1.9606146084802272,2.134243780196974,160000,40.51900577545166,3289.1221554279327
50,0.21227997020458036,0.5,0.21227997020458036,0.2478611669866278,0.866681090791808,0.0030694046097579503,0.2625737788330636,0.2966848612814799,1.0872438768098163,0.0030694046097579503,0.27377698153481866,0.2664712069073825,1.1245960260929657,0.000286626789397277,0.3240223608820901,0.30654264279095705,1.2229819801607575,0.000286626789397277,4.074862274153618,1.9458787144287637,2.1289835394027374,4.09228168457922,1.9626036979916046,2.12967798277958,162000,40.803123474121094,3329.9252848625183
50,0.14277899573185276,0.66,0.14277899573185276,0.19503382864046354,0.6587244667642523,0.007297598183822073,0.1771866301914974,0.23440362182913654,0.7821659454259143,0.007297598183822073,0.2311241064206225,0.24494392683744187,1.1279883494055325,0.0013480680523998184,0.26925302176359656,0.2788099600064649,1.238212818899358,0.0013480680523998184,4.062360345699509,1.938733779865605,2.123626621030679,4.088073535546331,1.9601231171738465,2.127950386954639,164000,40.59991526603699,3370.5252096652985
50,0.19201472622167892,0.7,0.19201472622167892,0.2903429079498224,1.060745747813764,0.0019281405176660188,0.21274717637395146,0.31710476632985407,1.0695275006028053,0.0019281405176660188,0.2709304605283049,0.3203110503741947,1.210637307890778,0.001210647631559662,0.29463524292775756,0.344999340762548,1.3304304483746656,0.001210647631559662,4.075549859431223,1.9411159364906694,2.13443394345869,4.082048468184773,1.9533665635026831,2.128681936670236,166000,40.920719623565674,3411.445939064026
50,0.13511493280693151,0.74,0.13511493280693151,0.2175018178504579,0.880063841063723,0.00286962762149234,0.15614033422409843,0.25809249228435666,1.1107391311948833,0.00286962762149234,0.23424445800311242,0.2784797401925069,1.1260835611241227,0.0026875073961913076,0.25734679603549604,0.30716910446008017,1.2367209176856975,0.0026875073961913076,4.080442945108449,1.9496571928377135,2.130785767190215,4.0729936822705435,1.9496761145354615,2.1233176358172803,168000,40.50226926803589,3451.948217391968
50,0.22560343840915986,0.5,0.22560343840915986,0.23749987594852306,0.7924417150783005,0.0025740448028917554,0.266840954638681,0.27403821961095354,0.9040431291356315,0.0025740448028917554,0.284904330101792,0.25617482007903164,0.997509206339232,0.001747729165115297,0.32994086562748387,0.2892146275113754,1.075069644969178,0.001747729165115297,4.092766730401385,1.9563287493816055,2.1364379954612804,4.061492277249437,1.9389459263442768,2.1225462905169987,170000,40.50330638885498,3492.4515328407288
50,0.0897847516566147,0.86,0.0897847516566147,0.18042860233325517,0.815541802068071,0.0025637053149842105,0.09796397229407218,0.19862959114133494,0.9049674309626078,0.0025637053149842105,0.17355472224065646,0.25150154996088386,1.1594695718205505,0.0008331725442767831,0.1859581437636401,0.27299684382978,1.262629495124973,0.0008331725442767831,4.088190308851227,1.9540965655465312,2.134093792554232,4.071550615208486,1.946611889609286,2.1249388051477975,172000,40.6741247177124,3533.125672340393
50,0.1658068980947162,0.6,0.1658068980947162,0.20248520494248,0.7012064063822896,0.002587658202091588,0.18204244401110942,0.2169044333061629,0.708979903082342,0.002587658202091588,0.23053325040309874,0.23590887891536574,1.0096599433599702,0.0022093405763291166,0.24922912993910837,0.25026670075571716,1.0850854105693308,0.0022093405763291166,4.076146022230321,1.9481074849437272,2.1280385847453007,4.102764031385726,1.9652180148376774,2.137546070676453,174000,40.722923278808594,3573.848611354828
50,0.1998216094565702,0.6,0.1998216094565702,0.25067389278650143,0.7225756714282663,0.004808797984159868,0.23158794235297855,0.2722916934654662,0.7352381765715666,0.004808797984159868,0.26645513204630333,0.27662838671551326,1.200478361603598,0.0025168792948452863,0.2990447910566647,0.2960398437271838,1.3011791204395073,0.0025168792948452863,4.061284498423481,1.9360436757491275,2.1252408532449816,4.081669881804353,1.9526928136231314,2.1289770756636814,176000,40.76449394226074,3614.613112449646
50,0.140134021365381,0.66,0.140134021365381,0.18352932747891493,0.623350392780107,0.006932186363854061,0.18381650104413588,0.23788870070783014,0.8414261987423859,0.006932186363854061,0.2156255244398721,0.23823203615362581,1.1815438313713655,0.0028955066357416277,0.2590218671477329,0.27440527079014265,1.2806921289962092,0.0028955066357416277,4.061708772291328,1.9380929034523529,2.123615791174354,4.078141974369302,1.9524868152220405,2.125655169434971,178000,40.721171855926514,3655.3342897892
50,0.12505913741682334,0.7,0.12505913741682334,0.18467912350578344,0.6465280129687067,0.002190094974872417,0.15025422007362912,0.21952848567976335,0.7627951359526887,0.002190094974872417,0.19349648092158495,0.24062298124979892,1.061834776443695,0.0016502030105833756,0.21999773036949924,0.2679145745528034,1.169206693634627,0.0016502030105833756,4.073576727409632,1.9415163646139086,2.132060190305433,4.078628267276199,1.9531675562499569,2.1254606116992707,180000,40.78550481796265,3696.11980342865
50,0.10094035886198117,0.8,0.10094035886198117,0.1717791645863648,0.7739890951499059,0.0022382477044522054,0.11529998790827575,0.19199784782211848,0.8406455251313651,0.0022382477044522054,0.19342073088682496,0.2511499071447955,1.012890634819248,0.0018388829966210004,0.21187913318921464,0.2712425545004851,1.118294464472958,0.0018388829966210004,4.080586480108821,1.9540526591975351,2.1265338141644854,4.072343490883287,1.946114992067754,2.126228588043043,182000,40.510684967041016,3736.6305015087128
50,0.1318792556756693,0.62,0.1318792556756693,0.17700339444841598,0.7491156765201995,4.716693031021823e-05,0.18801930355943397,0.26290740372089433,0.9094530229902946,4.716693031021823e-05,0.19535427423148102,0.23114597239638954,1.2416184193754407,4.716693031021823e-05,0.2536490817421376,0.29593255195660007,1.33882491046938,4.716693031021823e-05,4.08421301784525,1.948978049370736,2.1352348788797975,4.074308773818283,1.9418868349946685,2.132421941817282,184000,40.66498947143555,3777.295499563217
50,0.12014814020780937,0.76,0.12014814020780937,0.1987226286474659,0.7106526675527424,0.0015994490686503588,0.15095716850597887,0.24765530414905743,0.839228186767279,0.0015994490686503588,0.21306408594428813,0.2602505103868811,1.1090816101062415,0.0009173763485146214,0.2475527335145653,0.2978290028813602,1.201376930660805,0.0009173763485146214,4.076285431032558,1.9456250302198386,2.1306603968961153,4.0963266221872,1.9630286067435905,2.1332979684779705,186000,40.87676429748535,3818.17227435112
50,0.1430144949733529,0.72,0.1430144949733529,0.23132394876229567,0.9923508371399514,0.0027684825153091973,0.16502941924211798,0.263449512360712,1.0596885845587003,0.0027684825153091973,0.21925953458912653,0.27183887262050943,1.0643737319620497,0.001558092904307845,0.243667851000887,0.3014047676492182,1.1549521080852885,0.001558092904307845,4.079852936970766,1.9496009512076875,2.1302520786252095,4.076583193703439,1.9475490945780358,2.1290341414804677,188000,40.56425952911377,3858.736540079117
50,0.16082497463591758,0.72,0.16082497463591758,0.27887378561019327,1.1763941067287187,0.0017099663216167832,0.17325996475538116,0.29303682547688964,1.2042036842233592,0.0017099663216167832,0.24495292357582857,0.3144604084972267,1.1799222687826656,0.001709965320207741,0.2622021118563938,0.3313649814733603,1.2756154502817219,0.001709965320207741,4.078652271055563,1.946091894911787,2.132560379875024,4.095749704685215,1.9655957514988291,2.130153943610884,190000,40.52729153633118,3899.2638387680054
50,0.1596550336283299,0.66,0.1596550336283299,0.2192461300685381,0.7821922097415867,0.0019179246543666953,0.18488694276739995,0.2455689396429482,0.8636117366461138,0.0019179246543666953,0.23133405287987385,0.253480207145126,0.9125209310545196,0.0013638072727467838,0.2573929822033819,0.2743304371597164,0.9900719737936654,0.0013638072727467838,4.077118161694374,1.9519930654524567,2.125125077211118,4.066748767134203,1.942121106829467,2.124627630922877,192000,40.37783980369568,3939.6416897773743
50,0.10513416205693316,0.78,0.10513416205693316,0.19625942326877577,0.8304548807082368,0.0019911123045700976,0.1359708085618052,0.232275221367743,0.9552169451204944,0.0019911123045700976,0.2076791752574239,0.2631927640759571,1.0296326462937102,0.0015494379336915194,0.24373074337233241,0.2924505511197645,1.119640819317662,0.0015494379336915194,4.06245347924206,1.936793059070834,2.1256603833964167,4.110548940219724,1.9721987250144712,2.1383502085249457,194000,40.52319407463074,3980.164890050888
50,0.1546562072420558,0.72,0.1546562072420558,0.24736955967448065,0.9288170649665491,0.004079032769299792,0.18997322973633352,0.29712266369721646,1.0550939069995091,0.004079032769299792,0.242279137861742,0.2914431563846115,1.2104546737648072,0.001973140621128676,0.28106815216859443,0.33129609770875745,1.3303431729601112,0.001973140621128676,4.065636555174484,1.9426184835978075,2.1230180573400745,4.073031079231874,1.9486303247751935,2.1244008442848537,196000,40.71056008338928,4020.8754601478577
50,0.17430262473451755,0.6,0.17430262473451755,0.24332516209057434,1.0772550369048601,0.007659449459432453,0.22473811147473416,0.28952919353190143,1.10098034588464,0.007659449459432453,0.23525284486826858,0.2704418974853666,1.0806355044995821,0.0010905576970277975,0.28552377036363785,0.3058499048918558,1.1844067116317454,0.0010905576970277975,4.078001649705049,1.944788336826244,2.133213340571948,4.095797401205764,1.9602652834826917,2.135532066959699,198000,40.711063385009766,4061.5865366458893
50,0.10345805574142931,0.76,0.10345805574142931,0.1713823831780256,0.6405657659685748,0.0035951173841707565,0.12781081837137326,0.20982068345275895,0.7935809876790201,0.0035951173841707565,0.18053602494455273,0.23034652231476443,1.110598541289834,0.0023766008373164453,0.2088021107706255,0.2611550311242101,1.1993330364775765,0.0023766008373164453,4.058955335785938,1.93795750102588,2.120997793655935,4.1171800771504135,1.9738636564900771,2.1433164971264986,200000,38.39987015724182,4099.9864153862
